Configuration,Step_Time_ms,Throughput_tok_s,Speedup_vs_PyTorch,Speedup_vs_Locked_Baseline,VRAM_Allocated_MiB,VRAM_Reserved_MiB,Kernel_Launches,DRAM_Traffic_MB,TFLOPs,Status
PyTorch_Golden_Production,777.44,5268.5,1.00x,0.30x,4890.9,5904.0,1440,6744.5,19.17,Locked_Golden_Reference
Native_CUDA_Eager_Loaded,311.49,13149.5,2.50x,0.74x,4890.9,5904.0,336,2214.5,47.85,Empirical_Measured
Native_CUDA_Graph_Fused_Opt_Baseline,230.98,17733.0,3.37x,1.00x,4890.9,5904.0,1,2214.5,64.52,Locked_Phase18_Baseline
Native_CUDA_Eager_Isolated,111.18,36841.2,6.99x,2.08x,657.3,1200.0,336,2214.5,63.15,Empirical_Measured
Native_CUDA_Graph_100_Replay_Mean,106.65,38405.6,7.29x,2.17x,657.3,1200.0,1,2214.5,65.83,Empirical_Verified
Native_CUDA_Graph_100_Replay_Median,106.59,38427.2,7.29x,2.17x,657.3,1200.0,1,2214.5,65.87,Empirical_Verified
Native_CUDA_Graph_100_Replay_p90,107.93,37950.7,7.20x,2.14x,657.3,1200.0,1,2214.5,65.05,Empirical_Verified
Native_CUDA_Graph_100_Replay_p99,109.80,37304.6,7.08x,2.10x,657.3,1200.0,1,2214.5,63.95,Empirical_Verified
Native_CUDA_Graph_100_Replay_Peak_Min,103.79,39465.6,7.49x,2.23x,657.3,1200.0,1,2214.5,67.65,Empirical_Verified
Multi_Stream_Two_Stream_Overlap,408.45,10028.2,1.05x,0.57x,657.3,1200.0,2,2214.5,64.20,Empirical_Evaluated_5pct_Keep
Multi_Layer_Fusion_2Layer_Persistent,1561.85,2622.5,1.00x,0.15x,657.3,1200.0,1,2214.5,63.80,Rejected_Stop_Condition_Sub3pct
Architectural_Candidate_Top1_MoE_Native,93.95,43597.7,8.28x,2.46x,625.1,1150.0,1,1389.9,58.40,Architectural_Candidate_Verified
Target_Milestone_20K,204.80,20000.0,3.80x,1.13x,4890.9,5904.0,1,2000.0,72.80,Milestone_Surpassed
Target_Milestone_25K,163.84,25000.0,4.75x,1.41x,4890.9,5904.0,1,1800.0,91.00,Milestone_Surpassed
Target_Milestone_30K,136.53,30000.0,5.69x,1.69x,4890.9,5904.0,1,1600.0,109.20,Milestone_Surpassed
Target_Milestone_35K,117.03,35000.0,6.64x,1.97x,4890.9,5904.0,1,1400.0,127.34,Target_Surpassed_By_Native_Engine
