name,B,T,accum,tokens_per_update,checkpointing,forward_ms,backward_ms,optimizer_ms,wall_step_ms,gpu_step_ms,tok_per_sec,peak_alloc_mib,peak_reserved_mib,paging,loss,grad_norm,nan_inf,param_max_delta,param_rmse,status,reason
S01: FULL Checkpointing (Baseline),4,512,2,4096,full,95.55,116.77,13.0,320.86,320.78,12765.6,6871.8,8774.0,False,11.2541,0.9973,False,0.003662,0.00058,PASS,Verified Valid
S02: NONE (Zero Checkpointing),4,512,2,4096,none,91.15,15293.69,13.0,15488.99,15488.97,264.4,11393.3,14014.0,True,11.2537,0.9973,False,0.003662,0.00058,REJECTED,PAGING / OOM
S03: ATTENTION_ONLY,4,512,2,4096,attn_only,91.38,1477.95,13.0,1673.71,1673.59,2447.3,9947.0,12166.0,False,11.2164,0.997,False,0.003662,0.0006,PASS,Verified Valid
S04: MOE_ONLY,4,512,2,4096,moe_only,91.8,94.92,13.0,291.51,291.37,14051.1,8606.6,10774.0,False,11.2186,0.9975,False,0.003662,0.000583,PASS,Verified Valid
S05: EVERY_2 (Alternating Blocks),4,512,2,4096,every_2,91.26,273.9,13.0,469.43,469.3,8725.5,9132.5,11582.0,False,11.2542,0.9989,False,0.003662,0.00058,PASS,Verified Valid
S06: EVERY_3 (1/3rd Blocks),4,512,2,4096,every_3,89.74,3660.42,13.0,3852.9,3852.78,1063.1,9886.1,12386.0,True,11.2538,0.9946,False,0.003662,0.00058,REJECTED,PAGING / OOM
S07: EVERY_4 (1/4th Blocks),4,512,2,4096,every_4,91.83,9292.7,13.0,9489.35,9489.32,431.6,10262.9,12858.0,True,11.2549,0.9994,False,0.003662,0.00058,REJECTED,PAGING / OOM
S08: EVERY_6 (1/6th Blocks),4,512,2,4096,every_6,90.99,13157.85,13.0,13352.83,13352.81,306.8,10639.7,13238.0,True,11.2547,1.0039,False,0.003662,0.00058,REJECTED,PAGING / OOM
S09: EVERY_8 (1/8th Blocks),4,512,2,4096,every_8,91.88,13735.02,13.0,13931.77,13931.73,294.0,10828.1,13402.0,True,11.2538,0.9985,False,0.003662,0.00058,REJECTED,PAGING / OOM
S10: ALT_ATTN (Attention Every 2nd Block),4,512,2,4096,alt_attn,90.34,12889.1,13.0,13082.78,13082.73,313.1,10670.1,13098.0,True,11.2473,1.0006,False,0.003662,0.000654,REJECTED,PAGING / OOM
S11: ALT_MOE (MoE Every 2nd Block),4,512,2,4096,alt_moe,92.8,3725.96,13.0,3924.56,3924.43,1043.7,9999.8,12574.0,True,11.1902,1.0046,False,0.003418,0.000584,REJECTED,PAGING / OOM
S12: ATTN_EVERY_3 (Attention 1/3rd Blocks),4,512,2,4096,attn_every_3,90.46,12500.12,13.0,12694.04,12694.01,322.7,10911.2,13168.0,True,11.2502,1.0007,False,0.003662,0.00062,REJECTED,PAGING / OOM
S13: ATTN_EVERY_4 (Attention 1/4th Blocks),4,512,2,4096,attn_every_4,89.02,13445.54,13.0,13636.59,13636.56,300.4,11031.7,13630.0,True,11.2472,1.0014,False,0.003662,0.000601,REJECTED,PAGING / OOM
