phase,configuration,B,T,accum,tokens_per_update,checkpointing,precision,cuda_graph,mean_step_ms,std_step_ms,gpu_step_ms,tok_per_sec,peak_alloc_mib,peak_reserved_mib,paging,loss,grad_norm,status,verdict
Phase F Finalist 1,B=8 accum=1 Ckpt FULL (Single-Step Winner),8,512,1,4096,full,BF16,True,287.47,0.90,287.38,14248.3,6940.2,8768.0,False,11.2014,0.9982,PASS,Verified Overall Winner
Phase F Finalist 2,B=4 accum=2 Ckpt MOE_ONLY (Selective Winner),4,512,2,4096,moe_only,BF16,True,292.24,0.73,292.14,14016.0,7450.0,10742.0,False,11.1871,0.9975,PASS,Verified Selective Winner
Phase F Reference,B=4 accum=2 Ckpt FULL (Production Reference),4,512,2,4096,full,BF16,True,319.82,0.91,319.72,12807.1,6871.3,8726.0,False,11.1852,0.9961,PASS,Production Baseline
Phase B Sweep S04,B=4 accum=2 Ckpt MOE_ONLY,4,512,2,4096,moe_only,BF16,True,291.51,0.90,291.43,14051.1,7450.0,10774.0,False,11.2186,0.9975,PASS,Top Checkpointing Policy
Phase B Sweep S01,B=4 accum=2 Ckpt FULL,4,512,2,4096,full,BF16,True,320.86,0.73,320.78,12765.6,6871.3,8774.0,False,11.2541,0.9961,PASS,Baseline Checkpointing
Phase B Sweep S05,B=4 accum=2 Ckpt EVERY_2,4,512,2,4096,every_2,BF16,True,469.43,1.06,469.31,8725.5,8629.5,11582.0,False,11.2542,0.9982,PASS,Alternating Checkpointing
Phase B Sweep S03,B=4 accum=2 Ckpt ATTN_ONLY,4,512,2,4096,attn_only,BF16,True,1673.71,15.2,1673.55,2447.3,8790.4,12166.0,True,11.2164,0.9970,REJECTED,WDDM Eviction Thrashing
Phase B Sweep S06,B=4 accum=2 Ckpt EVERY_3,4,512,2,4096,every_3,BF16,True,0.0,0.0,0.0,0.0,0.0,12386.0,True,0.0,0.0,REJECTED,Physical VRAM Limit Exceeded
Phase B Sweep S07,B=4 accum=2 Ckpt EVERY_4,4,512,2,4096,every_4,BF16,True,0.0,0.0,0.0,0.0,0.0,12858.0,True,0.0,0.0,REJECTED,Physical VRAM Limit Exceeded
Phase B Sweep S02,B=4 accum=2 Ckpt NONE,4,512,2,4096,none,BF16,True,0.0,0.0,0.0,0.0,0.0,14014.0,True,0.0,0.0,REJECTED,Fatal OOM (>14 GB)
Phase D/E Comb 09,B=8 accum=1 Ckpt FULL Graph OFF,8,512,1,4096,full,BF16,False,383.09,1.45,383.01,10692.0,5418.2,7462.0,False,11.2435,1.0020,PASS,Eager Single-Step Baseline
Phase D/E Comb 10,B=4 accum=2 Ckpt MOE_ONLY Graph OFF,4,512,2,4096,moe_only,BF16,False,581.22,2.11,581.14,7047.3,6230.0,8720.0,False,11.2201,1.0010,PASS,Eager Selective Baseline
Phase D/E Comb 06,B=2 accum=4 Ckpt NONE Graph ON,2,512,4,4096,none,BF16,True,6919.15,25.4,6918.90,592.0,8400.2,11818.0,True,11.2382,1.0011,REJECTED,Severe WDDM Page Faults
