ID,category,configuration,B,T,accum,tokens_per_update,step_ms,tok_s,speedup,VRAM_MiB,GPU_util,TensorCore_TFLOPs,bandwidth_GBs,loss,grad_norm,status,reason
EXP-01,Category 10 (Shape),B=16 T=256 accum=1 Ckpt FULL Graph ON,16,256,1,4096,285.20,14361.6,1.09x,8794.0,99.9%,61.89,384.2,11.2010,0.9980,PASS,Fastest verified shape (50% shorter LSF recurrence)
EXP-02,Category 10 (Shape),B=8 T=512 accum=1 Ckpt FULL Graph ON,8,512,1,4096,287.39,14252.2,1.08x,8810.0,99.9%,61.42,381.5,11.2014,0.9982,PASS,Production reference shape
EXP-03,Category 10 (Shape),B=4 T=1024 accum=1 Ckpt FULL Graph ON,4,1024,1,4096,295.59,13857.0,1.05x,8810.0,99.9%,59.71,370.8,11.2025,0.9985,PASS,Longer sequence length
EXP-04,Category 10 (Shape),B=2 T=2048 accum=1 Ckpt FULL Graph ON,2,2048,1,4096,312.39,13112.0,1.00x,8810.0,99.9%,56.50,351.0,11.2040,0.9991,PASS,Suboptimal chunk scan overhead
EXP-05,Category 1 & 2 (Compute),Lean MoE Autograd Activation Caching,8,512,1,4096,284.10,14417.5,1.09x,8042.0,99.9%,62.13,365.0,11.2014,0.9982,PASS,Saves 768 MiB activation DRAM traffic (Exact 0.0 diff)
EXP-06,Category 3 (Ternary),Static Pre-quantized Linear Forward,8,512,1,4096,135.78,30166.4,1.53x,8768.0,99.9%,63.88,410.0,N/A,N/A,PASS,Isolated forward projection 1.53x speedup
EXP-07,Category 3 (Ternary),INT8 Tensor Core GEMM (torch._int_mm),8,512,1,4096,132.69,30868.9,1.01x,8768.0,99.9%,64.74,215.0,N/A,N/A,PASS,Matches BF16 throughput on SM120
EXP-08,Category 5 (Attention),Fused QKV Attention Projection GEMM,8,512,1,4096,368.17,11125.3,1.17x,8768.0,99.9%,68.20,440.0,N/A,N/A,PASS,Fused 4096x1024x3072 GEMM 1.17x faster than 3 separate GEMMs
EXP-09,Category 6 (Compiler),torch.compile (reduce-overhead),8,512,1,4096,13756.55,297.7,0.02x,9210.0,15.2%,1.28,45.0,11.2014,0.9982,REJECTED,Dynamo graph breaks on PyBind11 CUDA extensions
EXP-10,Category 9 (Precision),FP8 torch._scaled_mm QKV Projection,8,512,1,4096,399.90,10242.6,0.19x,8768.0,45.0%,12.50,180.0,N/A,N/A,REJECTED,Dynamic scale computation & casting overhead exceeds GEMM gain
