name,category,M,K,N,tokens_per_update,checkpointing,precision,cuda_graph,latency_us,wall_step_ms,tok_per_sec,speedup,peak_alloc_mib,peak_reserved_mib,paging,status,notes
"Locked Production Baseline",full_model,4096,1024,1024,4096,full,BF16,True,N/A,287.47,14248.3,1.000x,5450.1,7640.0,False,PASS,"Production Reference baseline"
"Lean MoE + Full Ckpt",full_model,4096,1024,1024,4096,full,BF16,True,N/A,288.21,14211.8,0.997x,6986.1,9116.0,False,PASS,"Exact bitwise match, saves 768 MiB activation memory"
"Lean MoE + EVERY_2 (50% Recompute)",full_model,4096,1024,1024,4096,every_2,BF16,True,N/A,14609.33,280.4,0.020x,9872.4,13366.0,True,REJECTED,"Exceeds 12GB limit; severe PCIe/WDDM thrashing"
"Lean MoE + EVERY_3 (33% Recompute)",full_model,4096,1024,1024,4096,every_3,BF16,True,N/A,19365.57,211.5,0.015x,10834.6,14418.0,True,REJECTED,"Exceeds 12GB limit; severe PCIe/WDDM thrashing"
"Lean MoE + EVERY_4 (25% Recompute)",full_model,4096,1024,1024,4096,every_4,BF16,True,N/A,N/A,0.0,0.000x,10921.9,12472.0,True,FAILED,"Pre-capture memory 12472 MiB exceeds 12GB ceiling"
"Lean MoE + ATTN ONLY (MoE Unckpt)",full_model,4096,1024,1024,4096,attn_only,BF16,True,N/A,16055.43,255.1,0.018x,10064.3,14278.0,True,REJECTED,"Exceeds 12GB limit; severe PCIe/WDDM thrashing"
"Lean MoE + MOE ONLY (Attn Unckpt)",full_model,4096,1024,1024,4096,moe_only,BF16,True,N/A,13316.64,307.6,0.022x,10257.0,13306.0,True,REJECTED,"Exceeds 12GB limit; severe PCIe/WDDM thrashing"
"Lean MoE + NO CKPT (Zero Recompute)",full_model,4096,1024,1024,4096,none,BF16,True,N/A,N/A,0.0,0.000x,12365.1,14288.0,True,FAILED,"Pre-capture memory 14288 MiB exceeds 12GB ceiling"
"Lean MoE B=4 accum=2 + NO CKPT",full_model,4096,1024,1024,4096,none,BF16,True,N/A,15037.67,272.4,0.019x,10620.6,14506.0,True,REJECTED,"Exceeds 12GB limit; severe PCIe/WDDM thrashing"
"Native BF16 GEMM (Attn Shape)",micro_gemm,4096,1024,1024,N/A,N/A,BF16,N/A,141.70,N/A,N/A,1.000x,N/A,N/A,False,PASS,"Tensor Core sustained 60.62 TFLOPs"
"Raw INT8 GEMM (_int_mm)",micro_gemm,4096,1024,1024,N/A,N/A,INT8,N/A,130.22,N/A,N/A,1.088x,N/A,N/A,False,PASS,"Sustained 65.97 TOPs; requires pre-quantized inputs"
"E2E INT8 GEMM (Quant+GEMM+Dequant)",micro_gemm,4096,1024,1024,N/A,N/A,INT8,N/A,527.32,N/A,N/A,0.269x,N/A,N/A,False,REJECTED,"3.72x SLOWER than native BF16 due to ALU dequant"
"Packed 2-bit Ternary Unpack + BF16",micro_gemm,4096,1024,1024,N/A,N/A,2-bit,N/A,673.74,N/A,N/A,0.210x,N/A,N/A,False,REJECTED,"4.75x SLOWER than native BF16 due to bit unpacking"
"CUTLASS INT4 (_weight_int4pack_mm)",micro_gemm,4096,1024,1024,N/A,N/A,INT4,N/A,503.25,N/A,N/A,0.282x,N/A,N/A,False,REJECTED,"3.81x SLOWER than native BF16; no autograd backward"
"Separate 3x Q, K, V GEMMs",micro_layer,4096,1024,1024,N/A,N/A,BF16,N/A,625.04,N/A,N/A,1.000x,N/A,N/A,False,PASS,"3 separate TernaryLinear projections"
"Fused QKV Stacked GEMM",micro_layer,4096,1024,3072,N/A,N/A,BF16,N/A,416.10,N/A,N/A,1.502x,N/A,N/A,False,PASS,"100% bitwise parity; saves 208.9 us/layer (5.01 ms/pass)"
"Jarvis + Fused QKV (Full Model)",full_model,4096,1024,1024,4096,full,BF16,True,N/A,282.65,14491.5,1.020x,5456.2,7680.0,False,PASS,"100% bitwise parity; saves 5.67 ms/step full model"
"Jarvis + Fused QKV + Lean MoE",full_model,4096,1024,1024,4096,full,BF16,True,N/A,284.11,14417.1,1.015x,7042.8,9256.0,False,PASS,"Full model combination; verified 100% bitwise parity"

