name,B,T,accum,tokens_per_update,checkpointing,precision,cuda_graph,forward_ms,backward_ms,optimizer_ms,wall_step_ms,gpu_step_ms,tok_per_sec,microstep_tok_s,peak_alloc_mib,peak_reserved_mib,paging,loss,grad_norm,status,reason
"C01: B=4, accum=2 (Prod Baseline)",4,512,2,4096,full,BF16,True,109.73,92.93,13.0,325.39,325.3,12588.0,12588.0,5715.2,7614.0,False,11.2541,0.9973,PASS,Verified Valid
"C02: B=2, accum=4",2,512,4,4096,full,BF16,True,101.16,1.15,13.0,418.77,418.4,9781.1,9781.1,5272.4,6742.0,False,11.2387,0.9998,PASS,Verified Valid
"C03: B=1, accum=8",1,512,8,4096,full,BF16,True,98.24,-234.05,13.0,564.87,564.79,7251.2,7251.2,5100.6,6582.0,False,11.2299,1.0042,PASS,Verified Valid
"C04: B=8, accum=1",8,512,1,4096,full,BF16,True,91.8,182.53,13.0,287.33,287.25,14255.3,14255.3,5450.3,7640.0,False,11.1825,0.9971,PASS,Verified Valid
"C05: B=4, accum=2, Ckpt NONE",4,512,2,4096,none,BF16,True,91.03,4718.08,13.0,4913.13,4913.0,833.7,833.7,10236.7,12854.0,True,11.2537,0.9973,REJECTED,PAGING / OOM
"C06: B=4, accum=2, Ckpt EVERY_2 (Alt)",4,512,2,4096,every_2,BF16,True,99.89,68.04,13.0,280.82,280.74,14585.8,14585.8,7975.9,10422.0,False,11.2542,0.9989,PASS,Verified Valid
"C07: B=4, accum=2, Ckpt EVERY_3",4,512,2,4096,every_3,BF16,True,100.41,62.87,13.0,276.68,276.55,14804.0,14804.0,8729.5,11226.0,False,11.2538,0.9946,PASS,Verified Valid
"C08: B=4, accum=2, Ckpt EVERY_4",4,512,2,4096,every_4,BF16,True,95.26,209.62,13.0,413.15,412.98,9914.1,9914.1,9106.3,11698.0,False,11.2549,0.9994,PASS,Verified Valid
"C09: B=4, accum=2, Ckpt ATTN_ONLY",4,512,2,4096,attn_only,BF16,True,90.82,70.18,13.0,264.82,264.67,15466.9,15466.9,8790.4,11006.0,False,11.2164,0.997,PASS,Verified Valid
"C10: B=4, accum=2, Ckpt MOE_ONLY",4,512,2,4096,moe_only,BF16,True,93.83,87.0,13.0,287.65,287.58,14239.3,14239.3,7450.0,9614.0,False,11.2186,0.9975,PASS,Verified Valid
"C11: B=4, accum=2, Graph OFF (Eager)",4,512,2,4096,full,BF16,False,94.01,565.6,13.0,766.62,766.55,5342.9,5342.9,5683.4,5904.0,False,11.2154,1.001,PASS,Verified Valid
"C12: B=2, accum=4, Graph OFF (Eager)",2,512,4,4096,full,BF16,False,94.01,1165.69,13.0,1554.72,1554.67,2634.6,2634.6,5240.3,5360.0,False,11.2395,1.0026,PASS,Verified Valid
"C13: B=8, accum=1, Graph OFF (Eager)",8,512,1,4096,full,BF16,False,96.61,284.96,13.0,394.57,394.5,10380.9,10380.9,5418.2,6302.0,False,11.2435,1.002,PASS,Verified Valid
"C14: B=2, accum=4, Ckpt NONE",2,512,4,4096,none,BF16,True,93.53,-64.29,13.0,322.81,322.74,12688.4,12688.4,8400.2,10658.0,False,11.2382,1.0011,PASS,Verified Valid
"C15: B=2, accum=4, Ckpt EVERY_2",2,512,4,4096,every_2,BF16,True,92.64,-17.87,13.0,365.71,365.63,11200.3,11200.3,6836.3,8630.0,False,11.2538,1.0004,PASS,Verified Valid
"C16: B=1, accum=8, Ckpt NONE",1,512,8,4096,none,BF16,True,92.99,-319.99,13.0,436.89,436.82,9375.3,9375.3,7531.7,9258.0,False,11.2373,0.9999,PASS,Verified Valid
"C17: B=1, accum=8, Ckpt EVERY_2",1,512,8,4096,every_2,BF16,True,91.57,-242.95,13.0,502.62,502.56,8149.2,8149.2,6316.2,7630.0,False,11.2287,0.9989,PASS,Verified Valid
"C18: B=4, accum=1 (2048 tok, Full Ckpt)",4,512,1,2048,full,BF16,True,92.24,61.63,13.0,166.88,166.8,12272.6,12272.6,5045.4,6942.0,False,11.2669,0.9975,PASS,Verified Valid
"C19: B=4, accum=1 (2048 tok, Ckpt EVERY_2)",4,512,1,2048,every_2,BF16,True,93.78,43.68,13.0,150.46,150.39,13611.9,13611.9,6818.8,9046.0,False,11.266,0.9993,PASS,Verified Valid
"C20: B=2, accum=1 (1024 tok, Full Ckpt)",2,512,1,1024,full,BF16,True,92.72,8.46,13.0,114.19,114.11,8967.8,8967.8,4868.8,6340.0,False,11.2746,0.9991,PASS,Verified Valid
"C21: B=1, accum=1 (512 tok, Full Ckpt)",1,512,1,512,full,BF16,True,93.86,-23.08,13.0,83.79,83.7,6110.8,6110.8,4781.4,6240.0,False,11.2411,0.9983,PASS,Verified Valid
