mode,step,train_loss,val_loss,val_ppl,grad_norm,pct_zero,pct_pos,pct_neg,pct_sat,mean_alpha,nan_inf,sample
AbsMean,0,nan,3.53099248111248,34.15785182003038,0.0,29.83347694079081,35.06804625193278,35.098476807276406,43.53391249974569,0.019303432510544855,0,The quantum computing architecture.                             
AbsMean,25,2.423280954360962,3.7162772178649903,41.11106134872875,1.6883476972579956,29.851529399553932,35.0541243950526,35.09434620539347,43.515868186950684,0.019359489689425875,0,The quantum computing architecture.                             
AbsMean,50,2.055372416973114,3.87233504652977,48.05446458640379,1.3048895597457886,29.868590235710148,35.04371643066406,35.08769333362579,43.500837087631226,0.019409240640622254,0,The quantum computing architecture.             self.client.get('/test_admin/admin/logout/')
AbsMean,75,2.875227451324463,3.7717850863933564,43.45757115649083,1.5921250581741333,29.883655110994972,35.036059617996216,35.08028527100881,43.48627507686615,0.019454071786539216,0,The quantum computing architecture.                             
AbsMean,100,1.9854528307914734,3.8075544953346254,45.04015815838139,1.5150110721588135,29.898552298545837,35.029109716415405,35.07233798503876,43.470767537752785,0.019498933067855734,0,The quantum computing architecture (e-g) to use the                      
PaperEq3,0,nan,10.982390213012696,58829.00020171699,0.0,100.0,0.0,0.0,0.0,0.0,0,The quantum computing architecture Andersen endsather wraps BIG34 apologtt 324*ummy448radorHandler hormonal Border(( + s
PaperEq3,25,6.632425546646118,8.34507930278778,4209.416433877836,5.050840377807617,100.0,0.0,0.0,0.0,0.0,0,"The quantum computing architecture Andersen endsatherpoolilt (""LR neutralityiletwriteelectric05L <= demanded Interior On"
PaperEq3,50,6.558578968048096,7.83093558549881,2517.283405899001,1.4286022186279297,100.0,0.0,0.0,0.0,0.0,0,"The quantum computing architecture Andersen endsCODEwargs img').,ash plurality Forbidden Blast TexHandler hormonal Borde"
PaperEq3,75,6.3993470668792725,7.644478809833527,2089.0794843626836,1.4870171546936035,100.0,0.0,0.0,0.0,0.0,0,"The quantum computing architecture Andersen ends gens blasphemyconcatalogma 213ENSE established nodeioorting."""" flowsipt"
PaperEq3,100,5.579027891159058,7.249824368953705,1407.8575629930285,1.4302985668182373,100.0,0.0,0.0,0.0,0.0,0,The quantum computing architectureools requestfileobj = self.                       
